Please see: https://data.hdx.rwlabs.org/dataset/ebola-treatment-centers,,,,,,,,,,,,,,,,,,,,,,,,,,
THIS DATASET IS NO LONGER BEING UPDATED,,,,,,,,,,,,,,,,,,,,,,,,,,
Ebola - West Africa  - ETCs,,,,,,,,,,,,,,,,,,,,,,,,,,
ETCs ,,,,,,,,,,,,,Type Colour Key WHO (21 Oct 2014),,Type Colour Key DoD (06 Nov 2014),,,,,,,,,,,
Short URL of this: http://goo.gl/pVb4GC,,,,,,,,,,,,,,ETC is planned for this site but there is no Partner yet,.,No partner interest,,,,,,,,,,
This on GitHub as GeoJson: https://github.com/BrcMapsTeam/Ebola_2014_West_Africa_medical_centres/blob/master/Ebola_medical_centres_open_closed_pending.geojson,,,,,,,,,,,,,,ETC is planned with a Partner identified,.,Partner registered interest but no MOU signed,,,,,,,,,,
N.B. Not all health facilities may be recorded. Subject to update as more information becomes avaliable.,,,,,,,,,,,,,,ETC is open,.,"Partner confirmed (MOU signed, funding allocated)",,,,,,,,,,
Feedback to simon_b_johnson on skype,,,,,,,,,,,,,,No Information,.,No Information,,,,,,OSM Colour Key,,,,
,,,,,,,,,,,,,,,,ETC Open,,,,,,,Verified Coordinates,,,
Last full update 19/11/2014,,,,,,,,,,,,,Further Information,,,,,,,,,,County Centroid,,,
,,,,,,,,,,,,,Triage,Includes referral and Isolation,,,,,,,,,Town Centroid,,,
,,,,,,,,,,,,,ETC,"Treatment centre, some include isolation areas",,,,,,,,,,,,
Status,"ID [left(B5,3)&left(E5,3)]",Country,Adm1,Adm1 P-Code,Adm2,Adm2 P-Code,Location,Centre Name,Primary Organisation (Clinical Management),Secondary Organisation,Third Organisation,Fourth Organisation,Type1,Type2,WHO Status (SLE & GIN: 21/10/14) & DoD Status (LBR: 06/11/14),Capacity (Current/ planned total beds),Notes,Last updated,"Source (Capacity, Notes, Opening/ Closing)",Centre opening date,Centre closing date,OSM,Latitude,Longitude,Coordinates_Loc,Staff Numbers
#status,#loc+code,#country,#adm1,#adm1+code,#adm2,#adm2+code,#loc,#loc,#org,#org,#org,#org,#loc+type,#loc+type,#status,#indicator+status,#meta+notes,#date+report,#meta+source+url,#date+from,#date+to,#meta+url,#geo+lat,#geo+lng,#status,#indicator+staff
Functional,LibTub2,Liberia,Bomi,LR01,Senjeh,,Tubmanburg,Tubmanburg ETC,IOM,AFL,,,ETC,,"Partner confirmed (MOU signed, funding allocated)",100,Operational. As of 11 Nov had 27 of its planned 100 beds in operation. Construction finished 13 Nov 2014 (USA Site build). ,19/11/2014,"https://community.apan.org/apcn/ern/m/intelligence/140104.aspx; InternationalSOS; https://data.hdx.rwlabs.org/dataset/usg-etu-build-out-as-12-nov; https://community.apan.org/apcn/ern/m/civ-mil/139562.aspx; http://reliefweb.int/sites/reliefweb.int/files/resources/Regional%20Map.pdf; https://data.hdx.rwlabs.org/dataset/etc-overview-21-october; DoD; http://www.mohsw.gov.lr/documents/SITRep%20146%20Oct%208th,%202014.pdf; http://reliefweb.int/sites/reliefweb.int/files/resources/MA012_EbolaResponseUnits_v5-300dpi.pdf.pdf; http://reliefweb.int/sites/reliefweb.int/files/resources/www.mapaction.org__component_mapcat_mapdetail_index_2.pdf",09/11/2014,-,http://www.openstreetmap.org/search?query=6.8673361%09-10.8309449#map=11/6.8673/-10.8309,6.8673361,-10.8309449,verified,
Functional,LibBon,Liberia,Bong,LR02,Suakoko,,Gbarnga,Bong County ETC,IMC,,,,ETC,Triage,ETC Open,70,"Operational. Current 70, Potenetial capacity 70.. Open. USG Supported. May expand later. Expected to open 08 September",19/11/2014,"https://data.hdx.rwlabs.org/dataset/usg-etu-build-out-as-12-nov; https://community.apan.org/apcn/ern/m/civ-mil/139562.aspx; http://reliefweb.int/sites/reliefweb.int/files/resources/Regional%20Map.pdf; https://data.hdx.rwlabs.org/dataset/etc-overview-21-october; DoD; http://reliefweb.int/sites/reliefweb.int/files/resources/Liberia%20Ebola%20Situation%20Report%2005.pdf; http://reliefweb.int/sites/reliefweb.int/files/resources/Liberia%20Ebola%20Situation%20Report%2006%20.pdf; WHO Foreign Medical Teams International Response; http://reliefweb.int/sites/reliefweb.int/files/resources/UNICEF%20Liberia%20Ebola%20Virus%20Disease%20Epidemic%20SitRep%20No.%2050,%205%20September%202014.pdf",15/09/2014,-,http://www.openstreetmap.org/search?query=6.9999996%09-9.5549977#map=11/7.0000/-9.5550,6.9999996,-9.5549977,verified,
Functional,LibPhe,Liberia,Bong,LR02,Suakoko,,Suakoko,Phebe Hospital,No Partner Identified,,,,ETC,Triage,,52,"Operational. A 7-bed Isolation Centre has been added to the Phebe Hospital in Suakoko.. The new 50 bed facility has been handed over to the County Authority and is awaiting admissions, as at 10 September. Hospital to ETC. As at 22 August, a new ETU is being constructed however it is not determined how the clinic services will be run",19/11/2014,https://community.apan.org/apcn/ern/m/intelligence/140104.aspx; https://www.internationalsos.com/ebola/index.cfm?content_id=396&language_id=ENG,10/09/2014,-,http://www.openstreetmap.org/node/2985105315#map=19/7.02794/-9.55329,7.02794,-9.55329,verified,
Pending,LibBop,Liberia,Gbarpolu,LR03,Bopolu,,Bopolu,Gbarpolu ETC,USAID Contract,,,,ETC,,No partner interest,50,Site surveyed. Opening with 10 beds week 23-29 Nov; Reach full capacity week 11-17 Jan. Construction finished 19 Dec 2014 (USA Site build).,19/11/2014,https://community.apan.org/apcn/ern/m/intelligence/140104.aspx; https://data.hdx.rwlabs.org/dataset/usg-etu-build-out-as-12-nov; https://community.apan.org/apcn/ern/m/civ-mil/139562.aspx; http://reliefweb.int/sites/reliefweb.int/files/resources/Regional%20Map.pdf; https://data.hdx.rwlabs.org/dataset/etc-overview-status;https://data.hdx.rwlabs.org/dataset/etc-overview-21-october; DoD,N/A,N/A,http://www.openstreetmap.org/search?query=7.06667%09-10.48750#map=13/7.0667/-10.4875,7.06667,-10.4875,town_centroid,
Pending,LibBuc,Liberia,Grand Bassa,LR04,Neekreen,,Buchanan,Arcelor Mittal Hospital (India),IOM,AFL,,,ETC,,"Partner confirmed (MOU signed, funding allocated)",50,Site surveyed. Opening with 10 beds week 14-20 Dec; Reach full capacity week >31 Jan. Construction finished 02 Dec 2014 (USA Ste build). ,19/11/2014,https://community.apan.org/apcn/ern/m/intelligence/140104.aspx; https://data.hdx.rwlabs.org/dataset/usg-etu-build-out-as-12-nov; https://community.apan.org/apcn/ern/m/civ-mil/139562.aspx; http://reliefweb.int/sites/reliefweb.int/files/resources/Regional%20Map.pdf; https://data.hdx.rwlabs.org/dataset/etc-overview-21-october; DoD; http://reliefweb.int/sites/reliefweb.int/files/resources/www.mapaction.org__component_mapcat_mapdetail_index_2.pdf,N/A,N/A,http://www.openstreetmap.org/search?query=5.875708%09-10.0200361#map=11/5.8757/-10.0200,5.875708,-10.0200361,verified,
Pending,LibSin,Liberia,Grand Cape Mount,LR05,Garwula,,Sinje,Sinje ETC,IOM,AFL,,,ETC,,"Partner confirmed (MOU signed, funding allocated)",100,Under construction. Opening with 10 beds week 30 Nov - 6 Dec; Reach full capacity week 18-24 Jan.USG Supported Ground breaking ceremony was held for the Holding center on 8 Oct.,19/11/2014,"https://community.apan.org/apcn/ern/m/intelligence/140104.aspx; https://data.hdx.rwlabs.org/dataset/usg-etu-build-out-as-12-nov; https://community.apan.org/apcn/ern/m/civ-mil/139562.aspx; http://reliefweb.int/sites/reliefweb.int/files/resources/Regional%20Map.pdf; https://data.hdx.rwlabs.org/dataset/etc-overview-21-october; DoD; http://www.mohsw.gov.lr/documents/SITRep%20146%20Oct%208th,%202014.pdf; http://reliefweb.int/sites/reliefweb.int/files/resources/MA012_EbolaResponseUnits_v5-300dpi.pdf.pdf; http://reliefweb.int/sites/reliefweb.int/files/resources/www.mapaction.org__component_mapcat_mapdetail_index_2.pdf",N/A,N/A,http://www.openstreetmap.org/search?query=6.8163865%09-11.1389492#map=11/6.8164/-11.1389,6.8163865,-11.1389492,verified,
Pending,Libzwe,Liberia,Grand Gedeh,LR06,Tchien,,Zwedru,Zwedru ETC,Partners in Health,,,,ETC,,"Partner confirmed (MOU signed, funding allocated)",50,Site Surveyed. Opening with 10 beds week 07-13 Dec; Reach full capacity week 11-17 Jan. Construction finished 10 Dec 2014. Start with 10 beds increasing to 60. Planned. USG Supported. Site location TBD,19/11/2014,https://data.hdx.rwlabs.org/dataset/usg-etu-build-out-as-12-nov; https://community.apan.org/apcn/ern/m/civ-mil/139562.aspx; http://reliefweb.int/sites/reliefweb.int/files/resources/Regional%20Map.pdf; https://data.hdx.rwlabs.org/dataset/etc-overview-21-october; DoD; http://reliefweb.int/sites/reliefweb.int/files/resources/MA012_EbolaResponseUnits_v5-300dpi.pdf.pdf: http://reliefweb.int/sites/reliefweb.int/files/resources/www.mapaction.org__component_mapcat_mapdetail_index_2.pdf,N/A,N/A,http://www.openstreetmap.org/search?query=06.0666608%2C%20-008.1280599#map=11/6.0668/-8.1278,6.0666608,-8.1280599,verified,
Pending,LibGrG,Liberia,Grand Gedeh,LR06,,,Grand Gedeh,Grand Gedeh ETC,NGO,,,,ETC,,,50,Planned,19/11/2014,https://community.apan.org/apcn/ern/m/intelligence/140104.aspx,N/A,N/A,,,,,
Pending,,Liberia,Grand Kru,LR07,Barclayville,,Barclayville,Barclayville ETC,USAID Contract,,,,ETC,,No partner interest,50,Site surveyed - Site confirmed by JFC-UA recon team. Opening with 10 beds week 14-20 Dec; Reach full capacity week >31 Jan. Construction finished 30 Dec 2014 (USA Site build). USG Supported. Start at 10 beds increasing to 50. Planned,19/11/2014,https://community.apan.org/apcn/ern/m/intelligence/140104.aspx; https://data.hdx.rwlabs.org/dataset/usg-etu-build-out-as-12-nov; https://community.apan.org/apcn/ern/m/civ-mil/139562.aspx; http://reliefweb.int/sites/reliefweb.int/files/resources/Regional%20Map.pdf; https://data.hdx.rwlabs.org/dataset/etc-overview-21-october; http://reliefweb.int/sites/reliefweb.int/files/resources/www.mapaction.org__component_mapcat_mapdetail_index_2.pdf,N/A,N/A,http://www.openstreetmap.org/search?query=04.6874017%2C%20-008.2400582#map=11/4.6874/-8.2401,4.6874017,-8.2400582,verified,
Functional,LibFoy,Liberia,Lofa,LR08,Foya,,Foya,Foya Case Management Centre (CMC Foya MSF),MSF,Samaritans Purse,,,ETC,Triage,,30,Samaritan’s Purse assumed responsibility for the CMC in Foya from MSF on July 8. The facility has been expanded and can now serve a maximum of 30 patients. ,25/09/2014,http://reliefweb.int/sites/reliefweb.int/files/resources/Situation%20Report%20for%20ReliefWeb.pdf http://www.samaritans-purse.org.uk/battling-an-ebola-outbreak/,08/07/2014,-,http://www.openstreetmap.org/search?query=8.378911%20-10.205757#map=14/8.3789/-10.2058,8.378911,-10.205757,verified,
Functional,LibBor,Liberia,Lofa,LR08,Foya,,Foya,Borma Hospital,MSF,,,,ETC,Triage,ETC Open,70,"Current beds 70, planned (potential) beds 140 - 31/10/14. Borma Hospital Ebola Treatment Unit (ETU) being run by Medecins Sans Frontieres (MSF) has a capacity of 100 beds. Expansion to 80 beds underway",13/11/2014,https://data.hdx.rwlabs.org/dataset/usg-etu-build-out-as-12-nov; https://community.apan.org/apcn/ern/m/civ-mil/139562.aspx; https://data.hdx.rwlabs.org/dataset/etc-overview-21-october; https://www.internationalsos.com/ebola/index.cfm?content_id=396&language_id=ENG,15/08/2014,-,http://www.openstreetmap.org/search?query=8.35454%2C-10.20037#map=18/8.35454/-10.20037,8.35454,-10.20037,town_centroid,
Pending,LibVoi,Liberia,Lofa,LR08,Voinjama,,Vonjama,Voinjama ETC,GOAL,AFL,,,ETC,,Partner registered interest but no MOU signed,50,Under construction. Opening with 10 beds week 30 Nov - 6 Dec; Reach full capacity week 18-24 Jan. Construction finished 30 Nov 2014 (USA Site build).,19/11/2014,https://community.apan.org/apcn/ern/m/intelligence/140104.aspx; https://data.hdx.rwlabs.org/dataset/usg-etu-build-out-as-12-nov; https://community.apan.org/apcn/ern/m/civ-mil/139562.aspx; http://reliefweb.int/sites/reliefweb.int/files/resources/Regional%20Map.pdf; https://data.hdx.rwlabs.org/dataset/etc-overview-21-october; DoD,N/A,N/A,http://www.openstreetmap.org/search?query=08.4123824%2C%20-009.7692426#map=10/8.4126/-9.7696,8.4123824,-9.7692426,verified,
Pending,LibZor,Liberia,Lofa,LR08,Zorzor,,Zorzor,Zorzor ETC,USAID Contract,AFL,,,ETC,,No partner interest,50,Site surveyed. Opening with 10 beds week 07-13 Dec; Reach full capacity week 25-31 Jan. Construction finished 29 Nov 2014 (USA Site build).,19/11/2014,https://community.apan.org/apcn/ern/m/intelligence/140104.aspx; https://data.hdx.rwlabs.org/dataset/usg-etu-build-out-as-12-nov; https://community.apan.org/apcn/ern/m/civ-mil/139562.aspx: http://reliefweb.int/sites/reliefweb.int/files/resources/Regional%20Map.pdf; https://data.hdx.rwlabs.org/dataset/etc-overview-21-october; DoD; http://reliefweb.int/sites/reliefweb.int/files/resources/www.mapaction.org__component_mapcat_mapdetail_index_2.pdf,N/A,N/A,http://www.openstreetmap.org/search?query=07.7771365%2C%20-009.4286082#map=10/7.7771/-9.4286,7.7771365,-9.4286082,verified,
Functional,LibFir,Liberia,Margibi,LR09,Firestone,,Firestone,Firestone Medical Center,Firestone Company,,,,ETC,,ETC Open,31,Liberia Ebola SitRep no. 123,21/10/2014,https://data.hdx.rwlabs.org/dataset/etc-overview-21-october; DoD; Liberia Ebola SitRep no. 123,?,-,http://www.openstreetmap.org/search?query=06.3530546%2C%20-010.4697211#map=15/6.3511/-10.4675,6.3530546,-10.4697211,verified,
Functional,LibKak1,Liberia,Margibi,LR09,Kakata,,Kakata 1,Kakata 1 (Save the Children),IMC,NGO,,,ETC,,"Partner confirmed (MOU signed, funding allocated)",50,Opening with 10 beds 20 Nov; Reach full capacity week 11-17 Jan.Construction finished 10 Nov 2014. Save the Children is the constructing the ETU in Margibi County.,19/11/2014,https://community.apan.org/apcn/ern/m/intelligence/140104.aspx; https://data.hdx.rwlabs.org/dataset/usg-etu-build-out-as-12-nov; https://community.apan.org/apcn/ern/m/civ-mil/139562.aspx; https://data.hdx.rwlabs.org/dataset/etc-overview-21-october; DoD; http://reliefweb.int/sites/reliefweb.int/files/resources/MA012_Ebola_Treatment_Units_v4-300dpi.pdf.pdf; Liberia Ebola SitRep Sept 4.; WHO Foreign Medical Teams International Response,20/11/2014,-,http://www.openstreetmap.org/search?query=6.56250%09-10.32194#map=19/6.56250/-10.32194,6.5625,-10.32194,verified,
Pending,LibKak2,Liberia,Margibi,LR09,Kakata,,Kakata 1,Kakata 2 AFL,AFL,,,,ETC,,,100,Under construction,19/11/2014,https://community.apan.org/apcn/ern/m/intelligence/140104.aspx,N/A,N/A,http://www.openstreetmap.org/search?query=06.5445702%2C%20-010.3546904#map=14/6.5446/-10.3547,6.5445702,-10.3546904,verified,
Pending,LibMar,Liberia,Maryland,LR10,,,Harper,Harper ETC,USAID Contract,,,,ETC,,"Partner confirmed (MOU signed, funding allocated)",50,Site surveyed. Opening with 10 beds week 21-27 Dec; Reach full capacity week 25-31 Jan. Construction finished 30 Dec 2014. (USA Site build). USG Supported. Start at 10 beds increasing to 60. Planned. Location site TBD,19/11/2014,https://community.apan.org/apcn/ern/m/intelligence/140104.aspx; https://data.hdx.rwlabs.org/dataset/usg-etu-build-out-as-12-nov; https://community.apan.org/apcn/ern/m/civ-mil/139562.aspx; http://reliefweb.int/sites/reliefweb.int/files/resources/Regional%20Map.pdf; https://data.hdx.rwlabs.org/dataset/etc-overview-21-october; http://reliefweb.int/sites/reliefweb.int/files/resources/www.mapaction.org__component_mapcat_mapdetail_index_2.pdf,N/A,N/A,http://www.openstreetmap.org/search?query=04.4239296%2C%20-007.6801905#map=10/4.4245/-7.6808,4.4239296,-7.6801905,verified,
Pending,LibMar2,Liberia,Maryland,LR10,,,Maryland,Maryland ETC,USAID Contract,,,,ETC,,,,Suggested,19/11/2014,https://community.apan.org/apcn/ern/m/intelligence/140104.aspx,N/A,N/A,,,,,
Functional,LibUni,Liberia,Montserrado,LR11,,,Banjao,Unity Convention Centre,MoH Liberia,,,,ETC,,No partner interest,96,Operational. Opening with 10 beds week 09-15 Nov; Reach full capacity week 21-27 Dec,19/11/2014,https://community.apan.org/apcn/ern/m/intelligence/140104.aspx; https://data.hdx.rwlabs.org/dataset/usg-etu-build-out-as-12-nov; https://community.apan.org/apcn/ern/m/civ-mil/139562.aspx; https://data.hdx.rwlabs.org/dataset/etc-overview-21-october; DoD,?,-,http://www.openstreetmap.org/way/142141782#map=19/6.38906/-10.79286,6.38906,-10.79286,verified,
Functional,LibELW1,Liberia,Montserrado,LR11,,,Monrovia,ELWA1 Hospital,Samaritans Purse,MSF,,,ETC,,,60,"Operational. Unknown capacity. In Monrovia, an MSF emergency team is building a new tented treatment center with capacity for 40–60 beds. It is scheduled to open on July 27 and will also be run by Samaritan’s Purse.",19/11/2014,https://community.apan.org/apcn/ern/m/intelligence/140104.aspx; https://www.internationalsos.com/ebola/index.cfm?content_id=396&language_id=ENG http://www.doctorswithoutborders.org/our-work/medical-issues/ebola,27/07/2014,-,http://www.openstreetmap.org/node/2996153469#map=19/6.23938/-10.69651,6.2393809,-10.6965137,verified,
Functional,LibELW2,Liberia,Montserrado,LR11,,,Monrovia,ELWA2 Hospital,MOH Liberia,WHO,,,ETC,,ETC Open,40,"Operational. Total beds existing 40 (19/11/14) Total beds existing 70 (13/11/14). An estimated 200 to 400 personnel are required to run the facility, the largest Ebola Treatment Unit",19/11/2014,https://community.apan.org/apcn/ern/m/intelligence/140104.aspx; https://data.hdx.rwlabs.org/dataset/usg-etu-build-out-as-12-nov; https://community.apan.org/apcn/ern/m/civ-mil/139562.aspx; https://data.hdx.rwlabs.org/dataset/etc-overview-21-october; https://www.internationalsos.com/ebola/index.cfm?content_id=396&language_id=ENG; WHO data,17/07/2014,-,http://www.openstreetmap.org/search?query=6.23965%09-10.69600#map=17/6.23966/-10.69600,6.23965,-10.696,verified,
Functional,LibELW3,Liberia,Montserrado,LR11,,,Monrovia,ELWA3 Hospital,MSF,,,,ETC,Triage,ETC Open,200,"Operational. Beds: 200 (19/11/14) Beds: 250 (pre 19/11/14). Total planned beds: 400; 150 additional beds to be put in place to reach maximum. An estimated 200 to 400 personnel are required to run the facility, the largest Ebola Treatment Unit",19/11/2014,https://community.apan.org/apcn/ern/m/intelligence/140104.aspx; https://data.hdx.rwlabs.org/dataset/etc-overview-21-october: http://www.doctorswithoutborders.org/news-stories/field-news/liberia-msfs-new-ebola-management-centers-already-overwhelmed http://www.doctorswithoutborders.org/news-stories/field-news/msf-begins-admitting-patients-ebola-center-monrovia-liberia; WHO Foreign Medical Teams International Response; WHO data,18/08/2014,-,http://www.openstreetmap.org/search?query=6.24444%09-10.70028#map=17/6.24444/-10.70028,6.24444,-10.70028,verified,19 International; 250 National
Pending,LibELW4,Liberia,Montserrado,LR11,,,Monrovia,ELWA4 Hospital,,,,,ETC,,,,Under construction,20/10/2014,https://community.apan.org/apcn/ern/m/intelligence/140104.aspx; DoD,N/A,N/A,http://www.openstreetmap.org/search?query=6.24306%09-10.69889#map=17/6.24306/-10.69889,6.24306,-10.69889,verified,
Functional,LibOni,Liberia,Montserrado,LR11,,,Monrovia,"Island Clinic (Oniyama Specialist Hospital), Location: Bushrod Island",MOH Liberia,WHO,African Union,,ETC,,ETC Open,100,"MoHSW and WHO plan to reduce the number of beds to 100—originally planned for 160—and increase the frequency of monitoring staff as measures to improve overall infection control. Patients transferred from Redmtion Hospital. A new 100-bed Ebola Treatment Unit on Bushrod Island, Duala will be functional by Week 37. A team of doctors from Uganda are likely to treat patients at this centre. 16th Sept expected opening",13/11/2014,https://data.hdx.rwlabs.org/dataset/usg-etu-build-out-as-12-nov; http://reliefweb.int/sites/reliefweb.int/files/resources/10.22.14%20-%20USG%20West%20Africa%20Ebola%20Outbreak%20Fact%20Sheet%20%234%20FY%2015.pdf; https://data.hdx.rwlabs.org/dataset/etc-overview-21-october; https://www.internationalsos.com/ebola/index.cfm?content_id=396&language_id=ENG; WHO Foreign Medical Teams International Response; WHO data; USAID,21/09/2014,-,http://www.openstreetmap.org/node/3066992692,6.3843716,-10.7871135,verified,
CLOSED,LibJFK,Liberia,Montserrado,LR11,,,Monrovia,JFK Hospital,MOH Liberia,WHO,,,ETC,Triage,,40,ETC CLOSED. Operational as a hospital.  The unit at JFK Hospital is now functioning as a full ETU. Was initially not intended as an Ebola treatment centre (closed 27/7/14). Re-established an interim isolation unit (9/8/14-28/8/14).,31/10/2014,https://data.hdx.rwlabs.org/dataset/etc-overview-21-october; https://www.internationalsos.com/ebola/index.cfm?content_id=396&language_id=ENG; WHO Foreign Medical Teams International Response,23/08/2014,30/10/2014,http://www.openstreetmap.org/way/94957267#map=18/6.28723/-10.77325,6.28723,-10.77325,verified,
Pending,LibMoH,Liberia,Montserrado,LR11,,,Monrovia,Ministry of Health,,,,,ETC,,,100,Under construction,19/11/2014,https://community.apan.org/apcn/ern/m/intelligence/140104.aspx; DoD,N/A,N/A,http://www.openstreetmap.org/search?query=6.26472%09-10.71278#map=19/6.26472/-10.71278,6.26472,-10.71278,verified,
Functional,LibChi,Liberia,Montserrado,LR11,,,Monrovia,Monrovia Medical Unit,USPHS,,,,ETC,,ETC Open,25,First patient recieved 11/11/14. Dedicated for infected heath care workers. Staffed by the US Public Health Service.,13/11/2014,https://data.hdx.rwlabs.org/dataset/usg-etu-build-out-as-12-nov; https://community.apan.org/apcn/ern/m/civ-mil/139562.aspx,11/11/2014,-,,,,,
Pending,LibSam,Liberia,Montserrado,LR11,,,Monrovia,SKD Stadium 1,IRC,,,,ETC,,"Partner confirmed (MOU signed, funding allocated)",100,Under construction. Opening with 10 beds week 16-22 Nov; Reach full capacity week 4-10 Dec. Construction finished 15 Nov 2014. ,19/11/2014,https://community.apan.org/apcn/ern/m/intelligence/140104.aspx; https://data.hdx.rwlabs.org/dataset/usg-etu-build-out-as-12-nov; https://community.apan.org/apcn/ern/m/civ-mil/139562.aspx; https://data.hdx.rwlabs.org/dataset/etc-overview-21-october; http://reliefweb.int/sites/reliefweb.int/files/resources/MA012_EbolaResponseUnits_v5-300dpi.pdf.pdf; http://www.mapaction.org/component/mapcat/mapdetail/index.php?option=com_mapcat&id=3532&view=download&fmt=pdf; WHO Foreign Medical Teams International Response,N/A,N/A,http://www.openstreetmap.org/search?query=6.256602%2C%20-10.701962#map=19/6.25660/-10.70196,6.256602,-10.701962,verified,
Pending,LibSaP,Liberia,Montserrado,LR11,,,Monrovia,SKD Stadium 2,German Red Cross,German Armed Forces,,,ETC,,"Partner confirmed (MOU signed, funding allocated)",100,Under construction. Opening with 10 beds week 16-22 Nov; Reach full capacity week 4-10 Dec. Construction finished 20 Nov 2014.  ,19/11/2014,https://community.apan.org/apcn/ern/m/intelligence/140104.aspx; https://data.hdx.rwlabs.org/dataset/usg-etu-build-out-as-12-nov; https://community.apan.org/apcn/ern/m/civ-mil/139562.aspx; https://data.hdx.rwlabs.org/dataset/etc-overview-21-october: http://www.mapaction.org/component/mapcat/mapdetail/index.php?option=com_mapcat&id=3532&view=download&fmt=pdf,N/A,N/A,http://www.openstreetmap.org/search?query=6.256762%2C%20-10.703646#map=19/6.25676/-10.70364,6.256762,-10.703646,verified,
Pending,LibPLA,Liberia,Montserrado,LR11,,,Monrovia,SKD II (PLA),People's Liberation Army (China),,,,ETC,,,100,Under construction. Unknown opening,19/11/2014,https://community.apan.org/apcn/ern/m/intelligence/140104.aspx; https://data.hdx.rwlabs.org/dataset/usg-etu-build-out-as-12-nov,N/A,N/A,,,,,
Functional,LibOld,Liberia,Montserrado,LR11,,,Monrovia,"Monrovia, Congo Town - Old Ministry of Defence ETU 1",FMT,Cuba,African Union,,ETC,,ETC Open,100,Combined: 300 bedsOpening with 15 beds week 9-15 Nov; Reach full capacity week 21-27 Dec. The unit is run by the Ministry of Health with the assistance of medical staff deployed from Cuba and the African Union. Construction finished 17 Oct 2014.,19/11/2014,https://community.apan.org/apcn/ern/m/intelligence/140104.aspx; https://data.hdx.rwlabs.org/dataset/usg-etu-build-out-as-12-nov; https://community.apan.org/apcn/ern/m/civ-mil/139562.aspx http://reliefweb.int/sites/reliefweb.int/files/resources/Regional%20Map.pdf; http://reliefweb.int/sites/reliefweb.int/files/resources/SitRep%2013-19%20October%20Final.pdf; https://data.hdx.rwlabs.org/dataset/etc-overview-21-october; DoD; http://reliefweb.int/sites/reliefweb.int/files/resources/MA012_EbolaResponseUnits_v5-300dpi.pdf.pdf; https://www.internationalsos.com/ebola/index.cfm?content_id=396&language_id=ENGhttp://reliefweb.int/sites/reliefweb.int/files/resources/www.mapaction.org__component_mapcat_mapdetail_index_2.pdf,31/10/2014,-,http://www.openstreetmap.org/search?query=6.27028%09-10.73417#map=19/6.27028/-10.73417,6.27028,-10.73417,verified,
Pending,LibOld2,Liberia,Montserrado,LR11,,,Monrovia,"Monrovia, Congo Town - Old Ministry of Defence ETU 2",MSB Sweden,,,,ETC,,Partner registered interest but no MOU signed,100,Combined: 300 beds: Initial beds: 10; planned beds: 100. Opening with 10 beds 23-29 Nov; At planned capacity of 100 beds 11-17 Jan.. The unit is run by the Ministry of Health with the assistance of medical staff deployed from Cuba and the African Union. Construction finished 25 Oct 2014. Start at 15 beds increasing up to 100,19/11/2014,https://community.apan.org/apcn/ern/m/intelligence/140104.aspx; https://data.hdx.rwlabs.org/dataset/usg-etu-build-out-as-12-nov; https://community.apan.org/apcn/ern/m/civ-mil/139562.aspx; http://reliefweb.int/sites/reliefweb.int/files/resources/Regional%20Map.pdf; https://data.hdx.rwlabs.org/dataset/etc-overview-21-october,31/10/2014,-,http://www.openstreetmap.org/search?query=6.27028%09-10.73417#map=19/6.27028/-10.73417,6.27028,-10.73417,verified,
Functional,LibRed,Liberia,Montserrado,LR11,,,Monrovia,Redemption Hospital,MOH Liberia,,,,ETC,,,,Operational as an ETC (19/11/14) . There is a Holding Unit at Redemption Hospital,19/11/2014,https://community.apan.org/apcn/ern/m/intelligence/140104.aspx; https://www.internationalsos.com/ebola/index.cfm?content_id=396&language_id=ENG,31/08/2014,-,http://www.openstreetmap.org/node/3003566637,6.3697076,-10.7919744,verified,
Pending,,Liberia,Nimba,LR12,,,Ganta,Ganta ETC,PCI,AFL,,,ETC,,"Partner confirmed (MOU signed, funding allocated)",50,Site surveyed. Opening with 10 beds week 7-13 Dec; Reach full capacity week 25-31 Jan. Construction finished 01 Dec 2014 (USA Site Build). ,19/11/2014,https://community.apan.org/apcn/ern/m/intelligence/140104.aspx; https://data.hdx.rwlabs.org/dataset/usg-etu-build-out-as-12-nov; https://community.apan.org/apcn/ern/m/civ-mil/139562.aspx; http://reliefweb.int/sites/reliefweb.int/files/resources/Regional%20Map.pdf; https://data.hdx.rwlabs.org/dataset/etc-overview-21-october; DoD; http://reliefweb.int/sites/reliefweb.int/files/resources/MA012_EbolaResponseUnits_v5-300dpi.pdf.pdf,N/A,N/A,http://www.openstreetmap.org/search?query=7.24231%09-8.97900#map=14/7.2423/-8.9790,7.2423137,-8.9790023,verified,
Pending,,Liberia,Nimba,LR12,,,Tappita,Tappita ETC,Heart to Heart International,AFL,,,ETC,,"Partner confirmed (MOU signed, funding allocated)",50,Site surveyed. Opening with 10 beds week 23-29 Nov; Reach full capacity week 11-17 Jan. Construction finished 30 Nov 2014. USG Support. ,19/11/2014,https://community.apan.org/apcn/ern/m/intelligence/140104.aspx; https://data.hdx.rwlabs.org/dataset/usg-etu-build-out-as-12-nov; https://community.apan.org/apcn/ern/m/civ-mil/139562.aspx; http://reliefweb.int/sites/reliefweb.int/files/resources/Regional%20Map.pdf; https://data.hdx.rwlabs.org/dataset/etc-overview-21-october; http://reliefweb.int/sites/reliefweb.int/files/resources/MA012_EbolaResponseUnits_v5-300dpi.pdf.pdf,N/A,N/A,http://www.openstreetmap.org/search?query=6.50983%09-8.85999#map=10/6.5098/-8.8600,6.5088897,-8.8608299,verified,
Pending,,Liberia,River Gee,LR13,,,Fishtown,Fishtown ETC,American Red Cross,,,,ETC,,"Partner confirmed (MOU signed, funding allocated)",50,Site surveyed. Opening with 10 beds week 21-27 Dec; Reach full capacity week 25-31 Jan. Construction finished 30 Dec 2014 (USA Site build). ,19/11/2014,https://community.apan.org/apcn/ern/m/intelligence/140104.aspx; https://data.hdx.rwlabs.org/dataset/usg-etu-build-out-as-12-nov; https://community.apan.org/apcn/ern/m/civ-mil/139562.aspx; http://reliefweb.int/sites/reliefweb.int/files/resources/Regional%20Map.pdf; https://data.hdx.rwlabs.org/dataset/etc-overview-21-october; http://reliefweb.int/sites/reliefweb.int/files/resources/www.mapaction.org__component_mapcat_mapdetail_index_2.pdf,N/A,N/A,http://www.openstreetmap.org/search?query=05.1834557%2C%20-007.8344094#map=7/5.178/-7.833,5.1834557,-7.8344094,verified,
Pending,,Liberia,River Gee,LR13,,,RiverGee,River Gee,USAID Contract,,,,ETC,,,,Suggested,19/11/2014,https://community.apan.org/apcn/ern/m/intelligence/140104.aspx,N/A,N/A,,,,,
Pending,,Liberia,Rivercess,LR14,,,Cestos City,Cestos City ETC,USAID Contract,,,,ETC,,No partner interest,50,Site surveyed. Opening with 10 beds week 14-20 Dec; Reach full capacity week >31 Jan. Construction finished 30 Dec 2014 (USA site build).,13/11/2014,https://data.hdx.rwlabs.org/dataset/usg-etu-build-out-as-12-nov; https://community.apan.org/apcn/ern/m/civ-mil/139562.aspx; http://reliefweb.int/sites/reliefweb.int/files/resources/Regional%20Map.pdfhttps://data.hdx.rwlabs.org/dataset/etc-overview-status: https://data.hdx.rwlabs.org/dataset/etc-overview-21-october; DoD; http://www.mapaction.org/deployments/mapdetail/index.php?option=com_mapcat&id=3545&view=download&fmt=pdf; http://reliefweb.int/sites/reliefweb.int/files/resources/www.mapaction.org__component_mapcat_mapdetail_index_2.pdf,N/A,N/A,http://www.openstreetmap.org/search?query=05.4662014%2C%20-009.5814983#map=15/5.4653/-9.5765,5.4662014,-9.5814983,verified,
Pending,,Liberia,Rivercess,LR14,,,Rivercess,Rivercess,USAID Contract,,,,ETC,,,,Suggested,19/11/2014,https://community.apan.org/apcn/ern/m/intelligence/140104.aspx,N/A,N/A,,,,,
Pending,,Liberia,Sinoe,LR15,,,Sinoe,Sinoe,USAID Contract,,,,ETC,,,,Suggested,19/11/2014,https://community.apan.org/apcn/ern/m/intelligence/140104.aspx,N/A,N/A,,,,,
Pending,,Liberia,Sinoe,LR15,,,Greenville,Greenville ETC,USAID Contract,,,,ETC,,No partner interest,50,Suggested. Opening with 10 beds week 21-27 Dec; Reach full capacity week 25-31 Jan. Construction finished 30 Dec 2014 (USA Site build). ,19/11/2014,https://community.apan.org/apcn/ern/m/intelligence/140104.aspx; https://data.hdx.rwlabs.org/dataset/usg-etu-build-out-as-12-nov; https://community.apan.org/apcn/ern/m/civ-mil/139562.aspx; http://reliefweb.int/sites/reliefweb.int/files/resources/Regional%20Map.pdf; https://data.hdx.rwlabs.org/dataset/etc-overview-21-october; DoD,N/A,N/A,http://www.openstreetmap.org/search?query=5.00956%09-9.03835#map=10/5.0102/-9.0390,5.00956,-9.03835,town_centroid,
Functional,GuiDon,Guinea,Conakry,GN02,Conakry,GN0201,,Donka Hospital,MSF,,,,ETC,Triage,ETC is open,60,"Expantion underway. Media sources have reported a spike in Ebola cases at the Donka Ebola Treatment Centre in Conakry with a number of new arrivals, particularly from Coyah prefecture. Authorities are expanding the bed capacity and also training more health care workers to help cope with the increase. Public hospital",21/10/2014,https://www.internationalsos.com/ebola/index.cfm?content_id=395&language_id=ENG http://www.who.int/features/2014/ebola-healthcare-guinea/en/ http://www.msf.org/article/msf-strengthens-response-guinea-ebola-outbreak http://www.doctorswithoutborders.org/news-stories/field-news/msf-continues-ebola-response-guinea-and-liberia http://msf.fr/sites/msf.fr/files/images/Rubriques%20du%20site/Actualit%C3%A9s/ebola/140826_carte%20Ebola%20activites%20MSF.jpg; WHO data,01/04/2014,-,http://www.openstreetmap.org/node/1407326153,9.53564,-13.6832,verified,
Pending,GuiKol,Guinea,Conakry,GN02,Conakry,GN0201,,Koloma,,,,,ETC,,,,A new site in Koloma is being cleared for the Donka Hospital facility to move to.,24/10/2014,https://www.internationalsos.com/ebola/index.cfm?content_id=395&language_id=ENG,N/A,N/A,,,,,
Pending,GuiMBa,Guinea,Kankan,GN04,Kérouané,GN0402,,M’Balia,,,,,ETC,,ETC is planned for this site but there is no Partner yet,70,Construction finished TBC,05/11/2014,http://reliefweb.int/sites/reliefweb.int/files/resources/Regional%20Map.pdf; https://data.hdx.rwlabs.org/dataset/etc-overview-21-october,N/A,N/A,http://www.openstreetmap.org/node/321620007#map=13/9.2706/-9.0076,9.2705687,-9.0076196,town_centroid,
Pending,GuiCoy,Guinea,Kindia,GN05,Coyah,GN0501,,Wonkifong Centre,MSF,Cuba (?),,,ETC,Triage,ETC is planned with a Partner identified,70,Construction finished 01 Nov 2014,05/11/2014,http://reliefweb.int/sites/reliefweb.int/files/resources/Regional%20Map.pdf; WHO Data 10.09.14,?,-,http://www.openstreetmap.org/node/462036776,9.7090404,-13.388956,town_centroid,
Pending,,Guinea,Kinda,GN5,Forecariah,GN0503,,Forecariah,,,,,ETC,,,,,05/11/2014,http://reliefweb.int/sites/reliefweb.int/files/resources/Regional%20Map.pdf,N/A,N/A,http://www.openstreetmap.org/node/1848315485,9.4312135,-13.0918656,town_centroid,
Closed,GuiTel,Guinea,Kindia,GN05,Telimélé,GN0506,,Telimélé Treatment Centre,MSF,,,,ETC,,,21,"The situation has stabilized in some areas and MSF has closed its Ebola treatment center in Telimélé, in the west of the country, after no new cases were reported for 21 days",25/09/2014,http://www.msf.org/article/west-africa-msf-activities-ebola-outbreak,01/05/2014,07/07/2014,http://www.openstreetmap.org/node/321619917#map=14/10.9115/-13.0299,10.9115,-13.0299,town_centroid,
Pending,,Guinea,Mamou,GN07,Dalaba,GN0701,,,,,,,ETC,,ETC is planned for this site but there is no Partner yet,70,Construction finished TBC,21/10/2014,https://data.hdx.rwlabs.org/dataset/etc-overview-21-october,N/A,N/A,http://www.openstreetmap.org/node/2922826675,10.6913277,-12.2512595,town_centroid,
Pending,,Guinea,Mamou,GN07,Mamou,GN0702,,,,,,,ETC,,ETC is planned for this site but there is no Partner yet,70,Construction finished TBC,21/10/2014,https://data.hdx.rwlabs.org/dataset/etc-overview-21-october,N/A,N/A,http://www.openstreetmap.org/node/2173041746#map=11/10.3741/-12.0836,10.3740744,-12.0835598,town_centroid,
Functional,GuiGui,Guinea,Nzerekore ,GN08,Guéckédou,GN0802,,Guinee Forestiere (CMC Gueckedou MSF),MSF,,,,ETC,Triage,ETC is open,100,WHO deploy infection control specialist,21/10/2014,https://data.hdx.rwlabs.org/dataset/etc-overview-21-october; https://www.internationalsos.com/ebola/index.cfm?content_id=395&language_id=ENG http://www.doctorswithoutborders.org/news-stories/field-news/battling-ebola-outbreak-west-africa http://msf.fr/sites/msf.fr/files/images/Rubriques%20du%20site/Actualit%C3%A9s/ebola/140826_carte%20Ebola%20activites%20MSF.jpg; WHO Data,25/03/2014,-,http://www.openstreetmap.org/search?query=8.552229%09-10.120623#map=19/8.55223/-10.12062,8.552229,-10.120623,verified,
Pending,GuiNze,Guinea,Nzerekore ,GN08,Nzerekore ,GN0805,,Nzerekore ,Ailema (?),,,,ETC,,ETC is planned with a Partner identified,40,Construction finished 01 Nov 2014,31/10/2014,https://data.hdx.rwlabs.org/dataset/etc-overview-status; https://data.hdx.rwlabs.org/dataset/etc-overview-21-october,N/A,N/A,http://www.openstreetmap.org/way/209124751#map=13/7.7621/-8.8143,7.7621,-8.8143,town_centroid,
Pending,,Guinea,Nzerekore ,GN08,Macenta,GN0804,,,Croix-Rouge française,MSF,,,ETC,,ETC is planned with a Partner identified,50,Due to open 15 Nov 14. Opening Nov/Dec. Construction finished 31 Oct 2014.  Initially 20 beds scaled to 50 bed capacity. MSF construction with hand-over to French Red Cross,05/11/2014,http://reliefweb.int/sites/reliefweb.int/files/resources/MDR_Ebola_OU7_04.11.2014.pdf; https://data.hdx.rwlabs.org/dataset/etc-overview-21-october; https://www.internationalsos.com/ebola/index.cfm?content_id=395&language_id=ENG; http://www.croix-rouge.fr/Actualite/Ouverture-d-un-Centre-de-traitement-Ebola-CTE-en-Guinee-1808,15/11/2014,N/A,http://www.openstreetmap.org/relation/3401335,8.5,-9.4167,county_centroid,
Pending,,Guinea,Nzerekore ,GN08,Yomou,GN0806,,,,,,,ETC,,ETC is planned for this site but there is no Partner yet,70,Construction finished TBC,21/10/2014,https://data.hdx.rwlabs.org/dataset/etc-overview-21-october,N/A,N/A,http://www.openstreetmap.org/node/2595412917#map=10/7.7484/-9.2422,7.5695786,-9.2594791,town_centroid,
Pending,,Guinea,Nzerekore ,GN08,Beyla,GN0801,,,,,,,ETC,,ETC is planned for this site but there is no Partner yet,70,Construction finished TBC,21/10/2014,https://data.hdx.rwlabs.org/dataset/etc-overview-21-october,N/A,N/A,http://www.openstreetmap.org/node/2595412878,8.6898481,-8.648345,town_centroid,
Functional,SieKai,Sierra Leone,Eastern,SL01,Kailahun,SL0101,Kailahun,CMC Kailahun MSF,MSF,,,,ETC,Triage,ETC is open,72,"MSF treatment centre, concidering expanding to 100 beds",19/11/2014,https://data.hdx.rwlabs.org/dataset/ebola-care-facilities-master-list; https://data.hdx.rwlabs.org/dataset/etc-overview-status; https://data.hdx.rwlabs.org/dataset/etc-overview-21-october; https://www.internationalsos.com/ebola/index.cfm?content_id=397&language_id=ENG,24/06/2014,-,http://www.openstreetmap.org/search?query=8.297871%09-10.556686#map=19/8.29787/-10.55669,8.297871,-10.556686,verified,
Functional,SieKen2,Sierra Leone,Eastern,SL01,Kenema,SL0102,Kenema,Rural Kenema Field Hospital ETC,IFRC,MOH Sierra Leone,,,ETC,,ETC is open,60,"Current: 25; planned 60 (31/10/14). Tented Structure. 2-5 beds to start, scale up to 60 later (will increase gradually by 10 patients per week) The IFRC is establishing the new facility (on 22 August, was expected to be functional ""soon""). Plan to open 10 Sept. The isolation facility in Kenema Government Hospital, is to be re-located outside the township of Kenema, a few miles from Hanga. All new cases will be treated at the centre in Kailahun until the new centre is ready.",13/11/2014,http://www.mapaction.org/deployments/mapdetail/index.php?option=com_mapcat&id=3645&view=download&fmt=pdf; https://data.hdx.rwlabs.org/dataset/etc-overview-status; https://data.hdx.rwlabs.org/dataset/etc-overview-21-october; https://www.internationalsos.com/ebola/index.cfm?content_id=397&language_id=ENG;  WHO Foreign Medical Teams International Response,15/09/2014,-,http://www.openstreetmap.org/search?query=%208.005088%2C%20-11.115603#map=12/8.0052/-11.1158,8.005088,-11.115603,verified,19 international workers and 80 national employees
CLOSED,SieKen1,Sierra Leone,Eastern,SL01,Kenema,SL0102,Kenema,Kenema Government Hospital (KGH),MOH Sierra Leone,WHO,,,ETC,Triage,,100,No longer accepting. Expected to increase to 100 beds. To be re-located outside the township of Kenema,13/11/2014,http://health.gov.sl/wp-content/uploads/2014/10/Ebola-Situation-Report_Vol-133.pdf; https://www.internationalsos.com/ebola/index.cfm?content_id=397&language_id=ENG; WHO Foreign Medical Teams International Response; WHO Data,01/04/2014,07/10/2014,http://www.openstreetmap.org/node/2959065474,7.87517,-11.18473,verified,
Pending,SieKoi,Sierra Leone,Eastern,SL01,Kono,SL0103,Kono,Koidu Town,Wellbody,Parners in Health,,,ETC,,ETC is planned with a Partner identified,40,Planned operational date 30/11/14. Construction finished 30 Nov (UK build and setup); could be 50 beds,19/11/2014,https://data.hdx.rwlabs.org/dataset/ebola-care-facilities-master-list; http://www.mapaction.org/deployments/mapdetail/index.php?option=com_mapcat&id=3650&view=download&fmt=pdf; http://www.mapaction.org/deployments/mapdetail/3624.html; https://data.hdx.rwlabs.org/dataset/etc-overview-21-october,30/11/2014,N/A,http://www.openstreetmap.org/search?query=8.6422812%09-10.9716307#map=14/8.6339/-10.9595,8.633899,-10.959464,verified,
Functional,SieMak,Sierra Leone,Northern,SL02,Bombali,SL0201,Makeni,Magbenteh Hospital,MoH Sierra Leone,Addax Bio Energy Sierra Leone,African Union,WAHO,ETC,Triage,ETC is planned with a Partner identified,110,Operational. Projected opening - 16 Nov. Construction finished 20 Nov 2014 (UK Site build)A holding centre is under construction with assistance from Addax Bio Energy Sierra Leone and is expected to be finished in the first week of October.,19/11/2014,https://data.hdx.rwlabs.org/dataset/ebola-care-facilities-master-list; http://www.mapaction.org/deployments/mapdetail/index.php?option=com_mapcat&id=3650&view=download&fmt=pdf;http://www.mapaction.org/deployments/mapdetail/3624.html; http://reliefweb.int/sites/reliefweb.int/files/resources/Regional%20Map.pdf; https://data.hdx.rwlabs.org/dataset/etc-overview-21-october; WHO Data,16/11/2014,-,http://www.openstreetmap.org/search?query=8.84611%09-12.058447#map=12/8.8461/-12.0584,8.84611,-12.058447,verified,
Pending,,Sierra Leone,Northern,SL02,Bombali,SL0201,Makeni,Makeni ETU,IOM,,,,ETC,,,100,Projected opening 08/12/14,19/11/2014,https://data.hdx.rwlabs.org/dataset/ebola-care-facilities-master-list; http://www.mapaction.org/deployments/mapdetail/3624.html,08/12/2014,N/A,http://www.openstreetmap.org/search?query=8.798044%09-12.030972#map=12/8.7979/-12.0311,8.798044,-12.030972,verified,
Pending,SieRub,Sierra Leone,Northern,SL02,Port Loko,SL0204,Gbom Samba Town/ Lunsar,Lunsar ETU,IMC,,,,ETC,,ETC is planned with a Partner identified,50,"Under construction. Bed capacity 50, may expan to 130 beds. Opening date: 21/11/14. Construction finished 21 Oct 2014. Start with 40 beds increasing to 130. Land clearing 27 Sept. Projected openeing 24 Oct (as of 01/10/2014). Newly decided site to be set up (this replaces the previously planned sites at Bombali/Makeni and Port Loko); will take approx. 3 months before ready – projected opening date of 06 Dec. IMC will be in charge of 50 beds; still need a partner for other 50 beds",19/11/2014,https://data.hdx.rwlabs.org/dataset/etc-overview-21-october; http://reliefweb.int/sites/reliefweb.int/files/resources/Sierra%20Leone%20Ebola%20Situation%20Report%2004.pdf; WHO Foreign Medical Teams International Response; http://reliefweb.int/sites/reliefweb.int/files/resources/West%20Africa%20Ebola%20Situation%20Report%2001.pdf,21/11/2014,N/A,http://www.openstreetmap.org/node/543447056,8.6868342,-12.543584,town_centroid,
Pending,,Sierra Leone,Northern,SL02,Port Loko,SL0204,,Port Loko ETU,GOAL,,,,ETC,,ETC is planned with a Partner identified,100,Under construction. Projected openig - 08/12/14. GOAL will staff and manage this facility. Construction finished 30 Nov,19/11/2014,https://data.hdx.rwlabs.org/dataset/ebola-care-facilities-master-list; http://www.mapaction.org/deployments/mapdetail/index.php?option=com_mapcat&id=3650&view=download&fmt=pdf; http://www.mapaction.org/deployments/mapdetail/index.php?option=com_mapcat&id=3645&view=download&fmt=pdf; http://www.mapaction.org/deployments/mapdetail/3624.html; http://reliefweb.int/report/sierra-leone/escalation-cases-port-loko-sl-worrying-trend; http://reliefweb.int/sites/reliefweb.int/files/resources/Regional%20Map.pdf; https://data.hdx.rwlabs.org/dataset/etc-overview-21-october,08/12/2014,N/A,http://www.openstreetmap.org/search?query=8.776216%09-12.762372#map=12/8.7762/-12.7624,8.776216,-12.762372,verified,
Functional,,Sierra Leone,Northern,SL02,Port Loko,SL0204,,Maforki ETU,MoH Sierra Leone,Plan,,,ETC,,,40,Current beds: 22; full operating capacity 40. Also known as: (Former) Red Cross Vocational Centre ETU,19/11/2014,https://data.hdx.rwlabs.org/dataset/ebola-care-facilities-master-list; http://www.mapaction.org/deployments/mapdetail/index.php?option=com_mapcat&id=3650&view=download&fmt=pdf,-,-,http://www.openstreetmap.org/search?query=8.773571%09-12.796859#map=12/8.7735/-12.7970,8.773571,-12.796859,verified,
Functional,SieBo,Sierra Leone,Southern,SL03,Bo,SL0301,Bo,Bo Town SLRA,MSF,,,,ETC,,ETC is open,50,Planned beds 60. Current beds 35 Gradually increasing. MSF is constructing a 35-bed isolation centre. Will start with a few beds and slowly scale up to 35 (will gradually expand up to 70 beds),19/11/2014,https://data.hdx.rwlabs.org/dataset/ebola-care-facilities-master-list; http://www.mapaction.org/deployments/mapdetail/3624.html; https://data.hdx.rwlabs.org/dataset/etc-overview-status; https://data.hdx.rwlabs.org/dataset/etc-overview-21-october; http://reliefweb.int/report/sierra-leone/tent-city-cassava-field-msfs-newest-ebola-treatment-center-sierra-leone: https://www.internationalsos.com/ebola/index.cfm?content_id=397&language_id=ENG; WHO Data; http://reliefweb.int/report/liberia/msf-operational-update-west-africa-ebola-response,19/09/2014,-,http://www.openstreetmap.org/search?query=7.957269%09-11.732060#map=14/7.9572/-11.7320,7.957269,-11.73206,verified,
Pending,,Sierra Leone,Southern,Sl03,Moyamba,SL0303,Moyamba,Moyamba ETU,MDM,,,,ETC,,ETC is planned with a Partner identified,100,Planned opening 15/12/14. The UK is establishing a treatment facility,19/11/2014,https://data.hdx.rwlabs.org/dataset/ebola-care-facilities-master-list; http://www.mapaction.org/deployments/mapdetail/3624.html; InternationalSOS: https://data.hdx.rwlabs.org/dataset/etc-overview-21-october,15/12/2014,N/A,http://www.openstreetmap.org/search?query=8.176575%09-12.412037#map=14/8.1766/-12.4120,8.176575,-12.412037,verified,
Functional,SieHas,Sierra Leone,Western,SL04,Western Area Rural,SL0401,Hastings,Hasting Police Training School,MOH Sierra Leone,,,,ETC,Triage,ETC is open,120,"Current beds 108 - 19/11/14 [Current beds 60, Planned beds: 100] - 21/10/14. Newton and Hasting police (50-bed) isolation centres are open",19/11/2014,https://data.hdx.rwlabs.org/dataset/ebola-care-facilities-master-list; http://www.mapaction.org/deployments/mapdetail/index.php?option=com_mapcat&id=3650&view=download&fmt=pdf; https://data.hdx.rwlabs.org/dataset/etc-overview-status; https://data.hdx.rwlabs.org/dataset/etc-overview-21-october; https://www.internationalsos.com/ebola/index.cfm?content_id=397&language_id=ENG; http://health.gov.sl/wp-content/uploads/2014/09/Ebola-Situation-Report_Vol-116.pdf,25/09/2014,-,http://www.openstreetmap.org/search?query=8.382705%09-13.125851#map=16/8.3827/-13.1259,8.382705,-13.125851,verified,
Functional,SieSie,Sierra Leone,Western,SL04,Western Area Rural,SL0401,Jui,Sierra Leone-China Friendship Hospital (Jui Hospital),Chinese CDC,,,,ETC,Holding Centre,ETC is open,2,[Current beds 2 .Additional 30 beds planned to bring total beds to 32] - 31/10/14. The Chinese Government sent two airplanes carrying medical teams and a mobile laboratory to Sierra Leone on 17 September. The team includes 59 personnel; 29 medical experts from the Chinese Center for Disease Control and Prevention to run the medical laboratory and 30 doctors and nurses from 302 Military Hospital of China to run a holding centre at Sierra Leone-China Friendship Hospital.,19/11/2014,http://www.mapaction.org/deployments/mapdetail/index.php?option=com_mapcat&id=3650&view=download&fmt=pdf; http://health.gov.sl/wp-content/uploads/2014/11/Ebola-Situation-Report_Vol-157.pdf; http://health.gov.sl/wp-content/uploads/2014/10/Ebola-Situation-Report_Vol-156.pdf; http://health.gov.sl/wp-content/uploads/2014/10/Ebola-Situation-Report_Vol-148.pdf; https://www.internationalsos.com/ebola/index.cfm?content_id=397&language_id=ENG; http://sl.china-embassy.org/eng/xwdt/t1192303.htm; http://health.gov.sl/wp-content/uploads/2014/09/Ebola-Update-September-18-2014.pdf,N/A,N/A,http://www.openstreetmap.org/search?query=8.386861%09-13.149548#map=16/8.3869/-13.1495,8.386861,-13.149548,verified,
Functional,SieKer,Sierra Leone,Western,SL04,Western Area Rural,SL0401,Kerry Town,Kerry Town ETC,Save the Children,Cuba,,,ETC,,ETC is planned with a Partner identified,100,"Current beds 10. Open 05/11/14 Projected opening - Nov. Construction finished 27 Oct 2014 (UK build and set up). 100 beds for patients, plus 12 separate beds designated for staff. UK: Assistance in 3 ways: (1) UK Dept of Defense to provide 12 beds dedicated for staff-related cases. (2)  UKDFID to finance Save the Children for 50 beds (3) Currently in discussion re:  possibly financing IMC for other 50 beds. British military personnel will begin to survey and assess the site during week 37. Based near the capital Freetown. The UK government is working with Save the Children to design a long term plan to manage and operate the facility after it has been fully set up.",19/11/2014,https://data.hdx.rwlabs.org/dataset/ebola-care-facilities-master-list; http://www.mapaction.org/deployments/mapdetail/3624.html; http://www.mapaction.org/deployments/mapdetail/3610.html; http://blogs.savethechildren.org.uk/2014/11/sierra-leone-a-treatment-centre-for-a-country-stricken-by-ebola/; http://reliefweb.int/sites/reliefweb.int/files/resources/Regional%20Map.pdf; https://data.hdx.rwlabs.org/dataset/etc-overview-status; https://data.hdx.rwlabs.org/dataset/etc-overview-21-octoberWHO Foreign Medical Teams International Response; http://reliefweb.int/report/sierra-leone/uk-treatment-centre-tackle-ebola-sierra-leone,05/11/2014,-,http://www.openstreetmap.org/search?query=8.257095%09-13.086371#map=16/8.2571/-13.0864,8.257095,-13.086371,verified,
Functional,SieKer,Sierra Leone,Western,SL04,Western Area Rural,SL0401,Kerry Town,Kerry Town ETC - Section for care of Health Care Workers,UK MoD,Save the Children,,,ETC,,ETC is planned with a Partner identified,12,"Open 05/11/14. Projected opening - Nov. Construction finished 27 Oct 2014 (UK build and set up). 100 beds for patients, plus 12 separate beds designated for staff. UK: Assistance in 3 ways: (1) UK Dept of Defense to provide 12 beds dedicated for staff-related cases. (2)  UKDFID to finance Save the Children for 50 beds (3) Currently in discussion re:  possibly financing IMC for other 50 beds. British military personnel will begin to survey and assess the site during week 37. Based near the capital Freetown. The UK government is working with Save the Children to design a long term plan to manage and operate the facility after it has been fully set up.",19/11/2014,https://data.hdx.rwlabs.org/dataset/ebola-care-facilities-master-list; http://blogs.savethechildren.org.uk/2014/11/sierra-leone-a-treatment-centre-for-a-country-stricken-by-ebola/; http://reliefweb.int/sites/reliefweb.int/files/resources/Regional%20Map.pdf; https://data.hdx.rwlabs.org/dataset/etc-overview-21-october,05/11/2014,-,http://www.openstreetmap.org/search?query=8.257095%09-13.086371#map=16/8.2571/-13.0864,8.257095,-13.086371,verified,
Pending,,Sierra Leone,Western,SL04,Western Area Rural,SL0401,Newton,HIM Newton,,,,,ETC,,,120,Planned. Planned opening 15/01/2015,19/11/2014,https://data.hdx.rwlabs.org/dataset/ebola-care-facilities-master-list; http://www.mapaction.org/deployments/mapdetail/index.php?option=com_mapcat&id=3650&view=download&fmt=pdf; http://www.mapaction.org/deployments/mapdetail/3624.html,15/01/2015,N/A,http://www.openstreetmap.org/search?query=8.335112%09-13.008915#map=16/8.3351/-13.0089,8.335112,-13.008915,town_centroid,
Functional,SieAHS,Sierra Leone,Western,SL04,Western Area Rural,SL0401,,AHS - Waterloo Hospital,MOH Sierra Leone,MSF,,,ETC,,,62,Operational date 16/11/14. Also referred to as ADRA hospital,19/11/2014,https://data.hdx.rwlabs.org/dataset/ebola-care-facilities-master-list; http://www.mapaction.org/deployments/mapdetail/index.php?option=com_mapcat&id=3650&view=download&fmt=pdf; http://reliefweb.int/sites/reliefweb.int/files/resources/Weekly_UNMEER_SitRep_9Nov.pdf; http://www.mapaction.org/deployments/mapdetail/3624.html; http://www.mapaction.org/deployments/mapdetail/3610.html,16/11/2014,N/A,http://www.openstreetmap.org/search?query=8.335621%09-13.073548#map=16/8.3356/-13.0735,8.335621,-13.073548,verified,
Pending,SieHas2,Sierra Leone,Western,SL04,Western Area Rural,SL0401,Freetown,Hastings,RSLAF,Kings,,,ETC,,ETC is planned with a Partner identified,100,Under construction. Planned operational date 08/12/14. Construction finished 31 Oct (UK build),19/11/2014,https://data.hdx.rwlabs.org/dataset/ebola-care-facilities-master-list; http://www.mapaction.org/deployments/mapdetail/3624.html; http://www.mapaction.org/deployments/mapdetail/3610.html; https://data.hdx.rwlabs.org/dataset/etc-overview-status; https://data.hdx.rwlabs.org/dataset/etc-overview-21-october,08/12/2014,N/A,http://www.openstreetmap.org/search?query=8.4790017%2C%20-13.2680158#map=11/8.4792/-13.2681,8.382142,-13.140652,verified,
Pending,SieHas3,Sierra Leone,Western,SL04,Western Area Rural,SL0401,,Police Training Sch-Hastings 2,MOH Sierra Leone,RSLAF,,,ETC,,,200,Under Construction. projected operational date 24/11/14,19/11/2014,https://data.hdx.rwlabs.org/dataset/ebola-care-facilities-master-list http://www.mapaction.org/deployments/mapdetail/3610.html,24/11/2014,N/A,http://www.openstreetmap.org/search?query=8.382705%09-13.125851#map=16/8.3827/-13.1259,8.382705,-13.125851,verified,
Functional,SieDfi,Sierra Leone,Western,SL04,Western Area Urban,SL0402,Lakka,Lakka Hospital ETU,EMERGENCY Italian NGO,MOH Sierra Leone,,,ETC,Holding centre,ETC is open,6,"Current capacity: 6; Planned capacity 17. Holding Centre. Construction should be completed approx 05 Sept and will be operational on 14 Sept; EMERGENCY will provide staff, clinical management, & logistic support, & the MOH will provide nurses; Training carried out for staff on 5-6 Sept.",19/11/2014,https://data.hdx.rwlabs.org/dataset/ebola-care-facilities-master-list; http://www.mapaction.org/deployments/mapdetail/index.php?option=com_mapcat&id=3650&view=download&fmt=pdf; http://health.gov.sl/wp-content/uploads/2014/10/Ebola-Situation-Report_Vol-156.pdf; http://health.gov.sl/wp-content/uploads/2014/10/Ebola-Situation-Report_Vol-148.pdf; https://data.hdx.rwlabs.org/dataset/etc-overview-21-october; http://health.gov.sl/wp-content/uploads/2014/10/Ebola-Situation-Report_Vol-130.pdf; WHO Foreign Medical Teams International Response; http://health.gov.sl/wp-content/uploads/2014/09/Ebola-Update-September-18-2014.pdf; http://reliefweb.int/report/sierra-leone/member-emergencys-medical-staff-sierra-leone-has-tested-positive-ebola-virus,18/09/2014,-,http://www.openstreetmap.org/node/2201774621#map=19/8.39737/-13.26355,8.3973667,-13.2635501,verified,
Pending,SieGod,Sierra Leone,Western,SL04,Western Area Urban,SL0402,Freetown,Goderich,EMERGENCY,,,,ETC,,ETC is planned with a Partner identified,100,Under construction. Planned operational date 15/12/14. Construction finished 31 Oct 2014 (UK Build). ,19/11/2014,https://data.hdx.rwlabs.org/dataset/ebola-care-facilities-master-list; http://www.mapaction.org/deployments/mapdetail/3624.html; http://www.mapaction.org/deployments/mapdetail/3610.html; https://data.hdx.rwlabs.org/dataset/etc-overview-status; https://data.hdx.rwlabs.org/dataset/etc-overview-21-october,15/12/2014,N/A,http://www.openstreetmap.org/search?query=8.424321%09-13.280407#map=15/8.4243/-13.2804,8.424321,-13.280407,verified,